{"cameraMode":{"drawMode":0,"name":"Shaded","section":"Shading Mode"},"sceneLighting":false,"audioPlay":false,"sceneViewState":{"m_AlwaysRefresh":false,"showFog":true,"showSkybox":false,"showFlares":true,"showImageEffects":true,"showParticleSystems":true,"showVisualEffectGraphs":true,"m_FxEnabled":true},"in2DMode":false,"pivot":{"x":-0.38336604833602908,"y":0.5580782890319824,"z":0.13085269927978517},"rotation":{"x":-0.06020251289010048,"y":0.048490215092897418,"z":-0.002927500754594803,"w":-0.9970092177391052},"size":1.2000173330307007,"orthographic":false}