{"cameraMode":{"drawMode":0,"name":"Shaded","section":"Shading Mode"},"sceneLighting":true,"audioPlay":false,"sceneViewState":{"m_AlwaysRefresh":false,"showFog":true,"showSkybox":true,"showFlares":true,"showImageEffects":true,"showParticleSystems":true,"showVisualEffectGraphs":true,"m_FxEnabled":true},"in2DMode":false,"pivot":{"x":3.3238070011138918,"y":-0.056278228759765628,"z":2.468675136566162},"rotation":{"x":-0.31887564063072207,"y":-0.1492910534143448,"z":0.050938040018081668,"w":-0.9345830678939819},"size":5.0604939460754398,"orthographic":false}