{"cameraMode":{"drawMode":0,"name":"Shaded","section":"Shading Mode"},"sceneLighting":true,"audioPlay":false,"sceneViewState":{"m_AlwaysRefresh":false,"showFog":true,"showSkybox":true,"showFlares":true,"showImageEffects":true,"showParticleSystems":true,"showVisualEffectGraphs":true,"m_FxEnabled":true},"in2DMode":false,"pivot":{"x":0.11402925848960877,"y":0.2803279459476471,"z":-0.6271924376487732},"rotation":{"x":0.21752193570137025,"y":-0.01841997168958187,"z":0.0041164131835103039,"w":0.9758930802345276},"size":0.7420093417167664,"orthographic":false}