{"cameraMode":{"drawMode":0,"name":"Shaded","section":"Shading Mode"},"sceneLighting":true,"audioPlay":false,"sceneViewState":{"m_AlwaysRefresh":false,"showFog":true,"showSkybox":true,"showFlares":true,"showImageEffects":true,"showParticleSystems":true,"showVisualEffectGraphs":true,"m_FxEnabled":true},"in2DMode":false,"pivot":{"x":660.1285400390625,"y":386.07635498046877,"z":-14.79071044921875},"rotation":{"x":0.07996590435504914,"y":0.30160996317863467,"z":-0.025395061820745469,"w":0.9497334957122803},"size":296.86431884765627,"orthographic":false}