{"cameraMode":{"drawMode":0,"name":"Shaded","section":"Shading Mode"},"sceneLighting":true,"audioPlay":false,"sceneViewState":{"m_AlwaysRefresh":false,"showFog":true,"showSkybox":true,"showFlares":true,"showImageEffects":true,"showParticleSystems":true,"showVisualEffectGraphs":true,"m_FxEnabled":true},"in2DMode":false,"pivot":{"x":-0.04075415059924126,"y":-0.03324089199304581,"z":1.6152656078338624},"rotation":{"x":-0.15262369811534882,"y":0.03319662809371948,"z":-0.005129873286932707,"w":-0.9877138137817383},"size":3.1000747680664064,"orthographic":false}