{"cameraMode":{"drawMode":0,"name":"Shaded","section":"Shading Mode"},"sceneLighting":true,"audioPlay":false,"sceneViewState":{"m_AlwaysRefresh":false,"showFog":true,"showSkybox":true,"showFlares":true,"showImageEffects":true,"showParticleSystems":true,"showVisualEffectGraphs":true,"m_FxEnabled":true},"in2DMode":false,"pivot":{"x":1.2341145277023316,"y":-0.4913109540939331,"z":1.9301164150238038},"rotation":{"x":-0.2546980381011963,"y":0.28947851061820986,"z":-0.08021228015422821,"w":-0.9191840291023254},"size":1.9000749588012696,"orthographic":false}