{"cameraMode":{"drawMode":0,"name":"Shaded","section":"Shading Mode"},"sceneLighting":true,"audioPlay":false,"sceneViewState":{"m_AlwaysRefresh":false,"showFog":true,"showSkybox":true,"showFlares":true,"showImageEffects":true,"showParticleSystems":true,"showVisualEffectGraphs":true,"m_FxEnabled":true},"in2DMode":false,"pivot":{"x":1.2793775796890259,"y":0.6647387742996216,"z":-0.7402731776237488},"rotation":{"x":0.1638442873954773,"y":0.06948527693748474,"z":-0.011569972150027752,"w":0.983968198299408},"size":1.7749600410461426,"orthographic":false}