{"cameraMode":{"drawMode":0,"name":"Shaded","section":"Shading Mode"},"sceneLighting":true,"audioPlay":false,"sceneViewState":{"m_AlwaysRefresh":false,"showFog":true,"showSkybox":true,"showFlares":true,"showImageEffects":true,"showParticleSystems":true,"showVisualEffectGraphs":true,"m_FxEnabled":true},"in2DMode":false,"pivot":{"x":3.8287763595581056,"y":-4.625112533569336,"z":-17.019290924072267},"rotation":{"x":-0.042286768555641177,"y":0.9440327882766724,"z":-0.2985631823539734,"w":-0.1337086260318756},"size":12.332945823669434,"orthographic":false}