{"cameraMode":{"drawMode":0,"name":"Shaded","section":"Shading Mode"},"sceneLighting":true,"audioPlay":false,"sceneViewState":{"m_AlwaysRefresh":false,"showFog":true,"showSkybox":true,"showFlares":true,"showImageEffects":true,"showParticleSystems":true,"showVisualEffectGraphs":true,"m_FxEnabled":true},"in2DMode":false,"pivot":{"x":-5.825675964355469,"y":-6.903285980224609,"z":6.184480667114258},"rotation":{"x":0.3662623167037964,"y":-0.006978741381317377,"z":0.0027470190543681385,"w":0.9304816126823425},"size":18.740304946899415,"orthographic":false}