{"cameraMode":{"drawMode":0,"name":"Shaded","section":"Shading Mode"},"sceneLighting":true,"audioPlay":false,"sceneViewState":{"m_AlwaysRefresh":false,"showFog":true,"showSkybox":true,"showFlares":true,"showImageEffects":true,"showParticleSystems":true,"showVisualEffectGraphs":true,"m_FxEnabled":true},"in2DMode":false,"pivot":{"x":485.3512268066406,"y":335.5258483886719,"z":287.5701904296875},"rotation":{"x":-0.007809066213667393,"y":0.005097418092191219,"z":-0.00003652444502222352,"w":-0.9999480843544006},"size":461.7911376953125,"orthographic":false}