{"cameraMode":{"drawMode":0,"name":"Shaded","section":"Shading Mode"},"sceneLighting":false,"audioPlay":false,"sceneViewState":{"m_AlwaysRefresh":false,"showFog":true,"showSkybox":false,"showFlares":true,"showImageEffects":true,"showParticleSystems":true,"showVisualEffectGraphs":true,"m_FxEnabled":true},"in2DMode":false,"pivot":{"x":0.00033724308013916016,"y":0.8952654004096985,"z":2.97822904586792},"rotation":{"x":0.06094104051589966,"y":-0.710117757320404,"z":0.061936404556035998,"w":0.6987030506134033},"size":2.0749599933624269,"orthographic":false}