{"cameraMode":{"drawMode":0,"name":"Shaded","section":"Shading Mode"},"sceneLighting":false,"audioPlay":false,"sceneViewState":{"m_AlwaysRefresh":false,"showFog":true,"showSkybox":false,"showFlares":true,"showImageEffects":true,"showParticleSystems":true,"showVisualEffectGraphs":true,"m_FxEnabled":true},"in2DMode":false,"pivot":{"x":-2.7782881259918215,"y":-0.5361672639846802,"z":0.23467683792114259},"rotation":{"x":0.04029415547847748,"y":-0.9544833302497864,"z":0.15158574283123017,"w":0.25370359420776369},"size":2.9749598503112795,"orthographic":false}