{"cameraMode":{"drawMode":0,"name":"Shaded","section":"Shading Mode"},"sceneLighting":false,"audioPlay":false,"sceneViewState":{"m_AlwaysRefresh":false,"showFog":true,"showSkybox":false,"showFlares":true,"showImageEffects":true,"showParticleSystems":true,"showVisualEffectGraphs":true,"m_FxEnabled":true},"in2DMode":false,"pivot":{"x":520.1023559570313,"y":364.347412109375,"z":4.386932373046875},"rotation":{"x":-0.007809066213667393,"y":0.005097418092191219,"z":-0.00003652444502222352,"w":-0.9999480843544006},"size":382.5620422363281,"orthographic":false}