{"cameraMode":{"drawMode":0,"name":"Shaded","section":"Shading Mode"},"sceneLighting":false,"audioPlay":false,"sceneViewState":{"m_AlwaysRefresh":false,"showFog":true,"showSkybox":false,"showFlares":true,"showImageEffects":true,"showParticleSystems":true,"showVisualEffectGraphs":true,"m_FxEnabled":true},"in2DMode":false,"pivot":{"x":316.59771728515627,"y":288.0352783203125,"z":1.119049072265625},"rotation":{"x":-0.007809066213667393,"y":0.005097418092191219,"z":-0.00003652444502222352,"w":-0.9999480843544006},"size":152.32435607910157,"orthographic":false}