{"cameraMode":{"drawMode":0,"name":"Shaded","section":"Shading Mode"},"sceneLighting":false,"audioPlay":false,"sceneViewState":{"m_AlwaysRefresh":false,"showFog":true,"showSkybox":false,"showFlares":true,"showImageEffects":true,"showParticleSystems":true,"showVisualEffectGraphs":true,"m_FxEnabled":true},"in2DMode":false,"pivot":{"x":0.025143682956695558,"y":-0.5115422010421753,"z":6.24864387512207},"rotation":{"x":0.008121063932776451,"y":0.9759785532951355,"z":-0.21446733176708222,"w":0.036910783499479297},"size":1.7660253047943116,"orthographic":false}