{"cameraMode":{"drawMode":0,"name":"Shaded","section":"Shading Mode"},"sceneLighting":false,"audioPlay":false,"sceneViewState":{"m_AlwaysRefresh":false,"showFog":true,"showSkybox":false,"showFlares":true,"showImageEffects":true,"showParticleSystems":true,"showVisualEffectGraphs":true,"m_FxEnabled":true},"in2DMode":false,"pivot":{"x":0.32415443658828738,"y":0.7031129598617554,"z":0.3760087490081787},"rotation":{"x":-0.17923234403133393,"y":-0.03334673121571541,"z":0.006079303566366434,"w":-0.9832282066345215},"size":2.400017261505127,"orthographic":false}