{"cameraMode":{"drawMode":0,"name":"Shaded","section":"Shading Mode"},"sceneLighting":true,"audioPlay":false,"sceneViewState":{"m_AlwaysRefresh":false,"showFog":true,"showSkybox":false,"showFlares":true,"showImageEffects":true,"showParticleSystems":true,"showVisualEffectGraphs":true,"m_FxEnabled":true},"in2DMode":false,"pivot":{"x":-3.4301013946533205,"y":0.4493541717529297,"z":-0.6562566757202148},"rotation":{"x":-0.30856889486312868,"y":0.026246588677167894,"z":-0.008517342619597912,"w":-0.9508074522018433},"size":9.892481803894043,"orthographic":false}