{"cameraMode":{"drawMode":0,"name":"Shaded","section":"Shading Mode"},"sceneLighting":true,"audioPlay":false,"sceneViewState":{"m_AlwaysRefresh":false,"showFog":true,"showSkybox":true,"showFlares":true,"showImageEffects":true,"showParticleSystems":true,"showVisualEffectGraphs":true,"m_FxEnabled":true},"in2DMode":false,"pivot":{"x":5.632046699523926,"y":2.3589587211608888,"z":-1.781480312347412},"rotation":{"x":-0.21578626334667207,"y":0.052306536585092548,"z":-0.011582453735172749,"w":-0.9749897122383118},"size":3.063499927520752,"orthographic":false}