{"cameraMode":{"drawMode":0,"name":"Shaded","section":"Shading Mode"},"sceneLighting":true,"audioPlay":false,"sceneViewState":{"m_AlwaysRefresh":false,"showFog":true,"showSkybox":true,"showFlares":true,"showImageEffects":true,"showParticleSystems":true,"showVisualEffectGraphs":true,"m_FxEnabled":true},"in2DMode":false,"pivot":{"x":-1.435434341430664,"y":-0.6547983884811401,"z":0.9767313003540039},"rotation":{"x":-0.19465884566307069,"y":0.09312095493078232,"z":-0.018567625433206559,"w":-0.9762680530548096},"size":2.0320537090301515,"orthographic":false}