{"cameraMode":{"drawMode":0,"name":"Shaded","section":"Shading Mode"},"sceneLighting":true,"audioPlay":false,"sceneViewState":{"m_AlwaysRefresh":false,"showFog":true,"showSkybox":true,"showFlares":true,"showImageEffects":true,"showParticleSystems":true,"showVisualEffectGraphs":true,"m_FxEnabled":true},"in2DMode":false,"pivot":{"x":9.087197303771973,"y":2.562987804412842,"z":81.5079345703125},"rotation":{"x":-0.012309057638049126,"y":0.0035964963026344778,"z":-0.00004483260272536427,"w":-0.9999175667762756},"size":49.46546173095703,"orthographic":false}