{"cameraMode":{"drawMode":0,"name":"Shaded","section":"Shading Mode"},"sceneLighting":true,"audioPlay":false,"sceneViewState":{"m_AlwaysRefresh":false,"showFog":true,"showSkybox":true,"showFlares":true,"showImageEffects":true,"showParticleSystems":true,"showVisualEffectGraphs":true,"m_FxEnabled":true},"in2DMode":false,"pivot":{"x":428.0798034667969,"y":396.04241943359377,"z":-84.48553466796875},"rotation":{"x":-0.13489331305027009,"y":0.008022683672606945,"z":-0.0010929313721135259,"w":-0.9908320903778076},"size":149.5613555908203,"orthographic":false}