{"cameraMode":{"drawMode":0,"name":"Shaded","section":"Shading Mode"},"sceneLighting":false,"audioPlay":false,"sceneViewState":{"m_AlwaysRefresh":false,"showFog":true,"showSkybox":false,"showFlares":true,"showImageEffects":true,"showParticleSystems":true,"showVisualEffectGraphs":true,"m_FxEnabled":true},"in2DMode":false,"pivot":{"x":-0.2450888603925705,"y":1.2939975261688233,"z":-0.1780693531036377},"rotation":{"x":-0.28285399079322817,"y":0.01639838144183159,"z":-0.0048359958454966549,"w":-0.9590161442756653},"size":1.8110179901123047,"orthographic":false}