{"cameraMode":{"drawMode":0,"name":"Shaded","section":"Shading Mode"},"sceneLighting":false,"audioPlay":false,"sceneViewState":{"m_AlwaysRefresh":false,"showFog":true,"showSkybox":false,"showFlares":true,"showImageEffects":true,"showParticleSystems":true,"showVisualEffectGraphs":true,"m_FxEnabled":true},"in2DMode":false,"pivot":{"x":-0.41653817892074587,"y":1.6615056991577149,"z":0.1799767017364502},"rotation":{"x":-0.06020251289010048,"y":0.048490215092897418,"z":-0.002927500754594803,"w":-0.9970092177391052},"size":3.3416097164154054,"orthographic":false}