{"cameraMode":{"drawMode":0,"name":"Shaded","section":"Shading Mode"},"sceneLighting":false,"audioPlay":false,"sceneViewState":{"m_AlwaysRefresh":false,"showFog":true,"showSkybox":false,"showFlares":true,"showImageEffects":true,"showParticleSystems":true,"showVisualEffectGraphs":true,"m_FxEnabled":true},"in2DMode":false,"pivot":{"x":0.4475082457065582,"y":0.7539123296737671,"z":0.0809626579284668},"rotation":{"x":-0.007808706257492304,"y":0.017096098512411119,"z":-0.00013299452257342637,"w":-0.9998290538787842},"size":3.6000170707702638,"orthographic":false}