{"cameraMode":{"drawMode":0,"name":"Shaded","section":"Shading Mode"},"sceneLighting":false,"audioPlay":false,"sceneViewState":{"m_AlwaysRefresh":false,"showFog":true,"showSkybox":false,"showFlares":true,"showImageEffects":true,"showParticleSystems":true,"showVisualEffectGraphs":true,"m_FxEnabled":true},"in2DMode":false,"pivot":{"x":-0.3290284276008606,"y":0.7556614875793457,"z":0.550046443939209},"rotation":{"x":-0.35952675342559817,"y":-0.01483911368995905,"z":0.005717664025723934,"w":-0.9329995512962341},"size":2.981642246246338,"orthographic":false}