{"cameraMode":{"drawMode":0,"name":"Shaded","section":"Shading Mode"},"sceneLighting":false,"audioPlay":false,"sceneViewState":{"m_AlwaysRefresh":false,"showFog":true,"showSkybox":false,"showFlares":true,"showImageEffects":true,"showParticleSystems":true,"showVisualEffectGraphs":true,"m_FxEnabled":true},"in2DMode":false,"pivot":{"x":4.00033712387085,"y":0.8952654004096985,"z":2.9869332313537599},"rotation":{"x":0.22340521216392518,"y":0.00438162824138999,"z":-0.001004589255899191,"w":0.9747140407562256},"size":1.7779426574707032,"orthographic":false}