{"cameraMode":{"drawMode":0,"name":"Shaded","section":"Shading Mode"},"sceneLighting":false,"audioPlay":false,"sceneViewState":{"m_AlwaysRefresh":false,"showFog":true,"showSkybox":false,"showFlares":true,"showImageEffects":true,"showParticleSystems":true,"showVisualEffectGraphs":true,"m_FxEnabled":true},"in2DMode":false,"pivot":{"x":0.501634955406189,"y":10.781332015991211,"z":0.48251962661743166},"rotation":{"x":-0.23503360152244569,"y":-0.0212871003895998,"z":0.005149214994162321,"w":-0.971746027469635},"size":3.000016927719116,"orthographic":false}