{"cameraMode":{"drawMode":0,"name":"Shaded","section":"Shading Mode"},"sceneLighting":false,"audioPlay":false,"sceneViewState":{"m_AlwaysRefresh":false,"showFog":true,"showSkybox":false,"showFlares":true,"showImageEffects":true,"showParticleSystems":true,"showVisualEffectGraphs":true,"m_FxEnabled":true},"in2DMode":false,"pivot":{"x":0.35701608657836916,"y":0.9416007995605469,"z":0.7034196853637695},"rotation":{"x":-0.3348032236099243,"y":-0.1622646600008011,"z":0.05864471197128296,"w":-0.9263644814491272},"size":5.100017547607422,"orthographic":false}